{"cameraMode":{"drawMode":0,"name":"Shaded","section":"Shading Mode"},"sceneLighting":true,"audioPlay":false,"sceneViewState":{"showFog":true,"showMaterialUpdate":true,"showSkybox":true,"showFlares":true,"showImageEffects":true,"showParticleSystems":true},"in2DMode":false,"pivot":{"x":0.252414345741272,"y":-0.29136744141578677,"z":-0.8308606743812561},"rotation":{"x":-0.7169644236564636,"y":0.008366337977349759,"z":-0.008604989387094975,"w":-0.6970064640045166},"size":1.8283514976501465,"orthographic":false}